{
    "name": "Procurement",
    "description": "*Procurement*\n\t-Purchase Order\n\t- Bill\n\t- Vendor ",
    "debug": true,
    "jobs": [
        {
            "endpoint": "query",
            "params": {
                "query": "select * from Bill"
            },
            "dataField": "QueryResponse.Bill",
            "dataType": "Bill"
        },
        {
            "endpoint": "query",
            "params": {
                "query": "select * from PurchaseOrder"
            },
            "dataField": "QueryResponse.PurchaseOrder",
            "dataType":"PurchaseOrder"
        },
        {
            "endpoint": "query",
            "params": {
                "query": "select * from Vendor"
            },
            "dataField": "QueryResponse.Vendor",
            "dataType":"Vendor"
        }
    ],
    "mappings":{
        "Bill":{
            "Id":{
                "type":"column",
                "mapping":{"destination":"ID"}
            },            
            "SalesTermRef.value":{
                "type":"column",
                "mapping":{"destination":"SalesTerm"}
            },
            "DueDate":{
                "type":"column",
                "mapping":{"destination":"DueDate"}
            },
            "Balance":{
                "type":"column",
                "mapping":{"destination":"Balance"}
            },
            "HomeBalance":{
                "type":"column",
                "mapping":{"destination":"HomeBalance"}
            },
            "DocNumber":{
                "type":"column",
                "mapping":{"destination":"DocNumber"}
            },
            "TxnDate":{
                "type":"column",
                "mapping":{"destination":"TxnDate"}
            },
            "CurrencyRef.value":{
                "type":"column",
                "mapping":{"destination":"Currency"}
            },
            "ExchangeRate":{
                "type":"column",
                "mapping":{"destination":"ExchangeRate"}
            },
            "LinkedTxn":{
                "type":"table",
                "destination":"Bill-LinkedTxn",
                "tableMapping":{
                    "TxnId":{
                        "type":"column",
                        "mapping":{"destination":"TxnID"}
                    },
                    "TxnType":{
                        "type":"column",
                        "mapping":{"destination":"TxnType"}
                    }
                }
            },
            "VendorRef.value":{
                "type":"column",
                "mapping":{"destination":"Vendor_ID"}
            },
            "VendorRef.name":{
                "type":"column",
                "mapping":{"destination":"Vendor_name"}
            },
            "APAccountRef.value":{
                "type":"column",
                "mapping":{"destination":"APAccount_ID"}
            },
            "APAccountRef.name":{
                "type":"column",
                "mapping":{"destination":"APAccount_name"}
            },
            "TotalAmt":{
                "type":"column",
                "mapping":{"destination":"TotalAmount"}
            },
            "GlobalTaxCalculation":{
                "type":"column",
                "mapping":{"destination":"GlobalTaxCalculation"}
            },
            "TxnTaxDetail":{
                "type":"table",
                "destination":"Bill-TxnTaxDetail",
                "tableMapping":{
                    "TotalTax":{
                          "type":"column",
                          "mapping":{"destination":"TotalTax"}
                    },
                    "TaxLine":{
                        "type":"table",
                        "destination":"Bill-TxnTaxDetail-TaxLine",
                        "tableMapping":{
                            "Amount":{
                                "type":"column",
                                "mapping":{"destination":"Amount"}
                            },
                            "DetailType":{
                                "type":"column",
                                "mapping":{"destination":"DetailType"}
                            },
                            "TaxLineDetail.TaxRateRef.value":{
                                "type":"column",
                                "mapping":{"destination":"TaxRate_ID"}
                            },
                            "TaxLineDetail.TaxPercent":{
                                "type":"column",
                                "mapping":{"destination":"TaxPercent"}
                            },
                            "TaxLineDetail.NetAmountTaxable":{
                                "type":"column",
                                "mapping":{"destination":"NetAmountTaxable"}
                            }

                        }
                    }
                }
            },
            "Line":{
                "type":"table",
                "destination":"Bill-Line",
                "tableMapping":{
                    "Id":{
                        "type":"column",
                        "mapping":{"destination":"ID"}
                    },
                    "Description":{
                        "type":"column",
                        "mapping":{"destination":"Description"}
                    },
                    "Amount":{
                        "type":"column",
                        "mapping":{"destination":"Amount"}
                    },
                    "DetailType":{
                        "type":"column",
                        "mapping":{"destination":"DetailType"}
                    },
                    "AccountBasedExpenseLineDetail":{
                        "type":"table",
                        "destination":"Bill-AccountBasedExpenseLineDetail",
                        "tableMapping":{
                            "AccountRef.value":{
                                "type":"column",
                                "mapping":{"destination":"Account_ID"}
                            },
                            "AccountRef.name":{
                                "type":"column",
                                "mapping":{"destination":"Account_name"}
                            },
                            "CustomerRef.value":{
                                "type":"column",
                                "mapping":{"destination":"Customer_ID"}
                            },
                            "CustomerRef.name":{
                                "type":"column",
                                "mapping":{"destination":"Customer_name"}
                            },
                            "BillableStatus":{
                                "type":"column",
                                "mapping":{"destination":"Billable_Status"}
                            },
                            "TaxAmount":{
                                "type":"column",
                                "mapping":{"destination":"TaxAmount"}
                            },
                            "TaxCodeRef.value":{
                                "type":"column",
                                "mapping":{"destination":"TaxCode_ID"}
                            },
                            "TaxInclusiveAmt":{
                                "type":"column",
                                "mapping":{"destination":"TaxInclusiveAmount"}
                            }
                        }
                    },
                    "ItemBasedExpenseLineDetail":{
                        "type":"table",
                        "destination":"Bill-ItemBasedExpenseLineDetail",
                        "tableMapping":{
                            "ItemRef.value":{
                                "type":"column",
                                "mapping":{"destination":"Item_ID"}
                            },
                            "ItemRef.name":{
                                "type":"column",
                                "mapping":{"destination":"Item_name"}
                            },
                            "UnitPrice":{
                                "type":"column",
                                "mapping":{"destination":"UnitPrice"}
                            },
                            "Qty":{
                                "type":"column",
                                "mapping":{"destination":"Qty"}
                            },
                            "TaxCodeRef.value":{
                                "type":"column",
                                "mapping":{"destination":"TaxCode_ID"}
                            },
                            "CustomerRef.value":{
                                "type":"column",
                                "mapping":{"destination":"Customer_ID"}
                            },
                            "CustomerRef.name":{
                                "type":"column",
                                "mapping":{"destination":"Customer_name"}
                            },
                            "BillableStatus":{
                                "type":"column",
                                "mapping":{"destination":"Billable_Status"}
                            },
                            "TaxInclusiveAmt":{
                                "type":"column",
                                "mapping":{"destination":"TaxInclusiveAmount"}
                            }
                        }
                    }
                }
            }
        },
        "PurchaseOrder":{
            "Id":{
                "type":"column",
                "mapping":{"destination":"ID"}
            },
            "POStatus":{
                "type":"column",
                "mapping":{"destination":"POStatus"}
            },
            "DocNumber":{
                "type":"column",
                "mapping":{"destination":"DocNumber"}
            },
            "TxnDate":{
                "type":"column",
                "mapping":{"destination":"TxnDate"}
            },
            "CurrencyRef.value":{
                "type":"column",
                "mapping":{"destination":"Currency"}
            },
            "VendorRef.value":{
                "type":"column",
                "mapping":{"destination":"Vendor_ID"}
            },
            "VendorRef.name":{
                "type":"column",
                "mapping":{"destination":"Vendor_name"}
            },
            "APAccountRef.value":{
                "type":"column",
                "mapping":{"destination":"APAccount_ID"}
            },
            "APAccountRef.name":{
                "type":"column",
                "mapping":{"destination":"APAccount_name"}
            },
            "TotalAmt":{
                "type":"column",
                "mapping":{"destination":"TotalAmount"}
            },
            "VendorAddr":{
                "type":"table",
                "destination":"PurchaseOrder-VendorAddr",
                "tableMapping":{
                    "Id":{
                        "type":"column",
                        "mapping":{"destination":"ID"}
                    },
                    "Line1":{
                        "type":"column",
                        "mapping":{"destination":"Line1"}
                    },
                    "Line2":{
                        "type":"column",
                        "mapping":{"destination":"Line2"}
                    },
                    "Line3":{
                        "type":"column",
                        "mapping":{"destination":"Line3"}
                    },
                    "Line4":{
                        "type":"column",
                        "mapping":{"destination":"Line4"}
                    }
                }
            },
            "ShipAddr":{
                "type":"table",
                "destination":"PurchaseOrder-ShipAddr",
                "tableMapping":{
                    "Id":{
                        "type":"column",
                        "mapping":{"destination":"ID"}
                    },
                    "Line1":{
                        "type":"column",
                        "mapping":{"destination":"Line1"}
                    },
                    "Line2":{
                        "type":"column",
                        "mapping":{"destination":"Line2"}
                    },
                    "Line3":{
                        "type":"column",
                        "mapping":{"destination":"Line3"}
                    },
                    "Line4":{
                        "type":"column",
                        "mapping":{"destination":"Line4"}
                    }
                }
            },
            "CustomField":{
                "type":"table",
                "destination":"PurchaseOrder-CustomField",
                "tableMapping":{
                    "DefinitionId":{
                        "type":"column",
                        "mapping":{"destination":"Definition_ID"}
                    },
                    "Name":{
                        "type":"column",
                        "mapping":{"destination":"Name"}
                    },
                    "Type":{
                        "type":"column",
                        "mapping":{"destination":"Type"}
                    },
                    "StringValue":{
                        "type":"column",
                        "mapping":{"destination":"StringValue"}
                    }
                }
            },
            "Line":{
                "type":"table",
                "destination":"PurchaseOrder-Line",
                "tableMapping":{
                    "Id":{
                        "type":"column",
                        "mapping":{"destination":"ID"}
                    },
                    "Description":{
                        "type":"column",
                        "mapping":{"destination":"Description"}
                    },
                    "Amount":{
                        "type":"column",
                        "mapping":{"destination":"Amount"}
                    },
                    "DetailType":{
                        "type":"column",
                        "mapping":{"destination":"DetailType"}
                    },
                    "AccountBasedExpenseLineDetail":{
                        "type":"table",
                        "destination":"PurchaseOrder-AccountBasedExpenseLineDetail",
                        "tableMapping":{
                            "AccountRef.value":{
                                "type":"column",
                                "mapping":{"destination":"Account_ID"}
                            },
                            "AccountRef.name":{
                                "type":"column",
                                "mapping":{"destination":"Account_name"}
                            },
                            "CustomerRef.value":{
                                "type":"column",
                                "mapping":{"destination":"Customer_ID"}
                            },
                            "CustomerRef.name":{
                                "type":"column",
                                "mapping":{"destination":"Customer_name"}
                            },
                            "BillableStatus":{
                                "type":"column",
                                "mapping":{"destination":"Billable_Status"}
                            },
                            "TaxAmount":{
                                "type":"column",
                                "mapping":{"destination":"TaxAmount"}
                            },
                            "TaxCodeRef.value":{
                                "type":"column",
                                "mapping":{"destination":"TaxCode_ID"}
                            },
                            "TaxInclusiveAmt":{
                                "type":"column",
                                "mapping":{"destination":"TaxInclusiveAmount"}
                            }
                        }
                    },
                    "ItemBasedExpenseLineDetail":{
                        "type":"table",
                        "destination":"PurchaseOrder-ItemBasedExpenseLineDetail",
                        "tableMapping":{
                            "ItemRef.value":{
                                "type":"column",
                                "mapping":{"destination":"Item_ID"}
                            },
                            "ItemRef.name":{
                                "type":"column",
                                "mapping":{"destination":"Item_name"}
                            },
                            "UnitPrice":{
                                "type":"column",
                                "mapping":{"destination":"UnitPrice"}
                            },
                            "Qty":{
                                "type":"column",
                                "mapping":{"destination":"Qty"}
                            },
                            "TaxCodeRef.value":{
                                "type":"column",
                                "mapping":{"destination":"TaxCode_ID"}
                            },
                            "CustomerRef.value":{
                                "type":"column",
                                "mapping":{"destination":"Customer_ID"}
                            },
                            "CustomerRef.name":{
                                "type":"column",
                                "mapping":{"destination":"Customer_name"}
                            },
                            "BillableStatus":{
                                "type":"column",
                                "mapping":{"destination":"Billable_Status"}
                            },
                            "TaxInclusiveAmt":{
                                "type":"column",
                                "mapping":{"destination":"TaxInclusiveAmount"}
                            }
                        }
                    }
                }
            }
        },
        "Vendor":{
            "Id":{
                "type":"column",
                "mapping":{"destination":"ID"}
            },
            "AcctNum":{
                "type":"column",
                "mapping":{"destination":"AcctNum"}
            },
            "GivenName":{
                "type":"column",
                "mapping":{"destination":"GivenName"}
            },
            "FamilyName":{
                "type":"column",
                "mapping":{"destination":"FamilyName"}
            },
            "CompanyName":{
                "type":"column",
                "mapping":{"destination":"CompanyName"}
            },
            "DisplayName":{
                "type":"column",
                "mapping":{"destination":"DisplayName"}
            },
            "PrintOnCheckName":{
                "type":"column",
                "mapping":{"destination":"PrintOnCheckName"}
            },
            "Active":{
                "type":"column",
                "mapping":{"destination":"Active"}
            },
            "Vendor1099":{
                "type":"column",
                "mapping":{"destination":"Vendor1099"}
            },
            "PrimaryPhone.FreeForNumber":{
                "type":"column",
                "mapping":{"destination":"PrimaryPhone"}
            },
            "AlternatePhone.FreeForNumber":{
                "type":"column",
                "mapping":{"destination":"AlternatePhone"}
            },
            "Mobile.FreeForNumber":{
                "type":"column",
                "mapping":{"destination":"Mobile"}
            },
            "PrimaryEmailAddr.Address":{
                "type":"column",
                "mapping":{"destination":"PrimaryEmailAddress"}
            },
            "WebAddr.URI":{
                "type":"column",
                "mapping":{"destination":"WebAddress"}
            },
            "BillAddr":{
                "type":"table",
                "destination":"Vendor-BillAddr",
                "tableMapping":{
                    "Id":{
                        "type":"column",
                        "mapping":{"destination":"ID"}
                    },
                    "Line1":{
                        "type":"column",
                        "mapping":{"destination":"Line1"}
                    },
                    "City":{
                        "type":"column",
                        "mapping":{"destination":"City"}
                    },
                    "CountrySubDivisionCode":{
                        "type":"column",
                        "mapping":{"destination":"Province"}
                    },
                    "PostalCode":{
                        "type":"column",
                        "mapping":{"destination":"PostalCode"}
                    }
                }
            }
        }
    }
}