{
    "name": "Sales",
    "description": "*Sales*\n\t- Customers\n\t- Invoices",
    "debug": true,
    "jobs": [
        {
            "endpoint": "query",
            "params": {
                "query": "select * from Customer"
            },
            "dataField": "QueryResponse.Customer",
            "dataType": "Customer"
        },
        {
            "endpoint": "query",
            "params": {
                "query": "select * from Invoice"
            },
            "dataField": "QueryResponse.Invoice",
            "dataType":"Invoice"
        }
    ],
    "mappings":{
        "Customer":{
            "Id":{
                "type":"column",
                "mapping":{"destination":"ID"}
            },
            "GivenName":{
                "type":"column",
                "mapping":{"destination":"GivenName"}
            },
            "FamilyName":{
                "type":"column",
                "mapping":{"destination":"FamilyName"}
            },
            "FullQualifiedName":{
                "type":"column",
                "mapping":{"destination":"FullQualifiedName"}
            },
            "CompanyName":{
                "type":"column",
                "mapping":{"destination":"CompanyName"}
            },
            "DisplayName":{
                "type":"column",
                "mapping":{"destination":"DisplayName"}
            },
            "PrintOnCheckName":{
                "type":"column",
                "mapping":{"destination":"PrintOnCheckName"}
            },
            "Active":{
                "type":"column",
                "mapping":{"destination":"Active"}
            },
            "PrimaryPhone.FreeFormNumber":{
                "type":"column",
                "mapping":{"destination":"PrimaryPhone"}
            },
            "PrimaryEmailAddr.Address":{
                "type":"column",
                "mapping":{"destination":"PrimaryEmail"}
            },
            "BillAddr":{
                "type":"table",
                "destination":"Customer-BillAddr",
                "tableMapping":{
                    "Id":{
                        "type":"column",
                        "mapping":{"destination":"BillAddr_ID"}
                    },
                    "Line1":{
                        "type":"column",
                        "mapping":{"destination":"Line_1"}
                    },
                    "City":{
                        "type":"column",
                        "mapping":{"destination":"City"}
                    },
                    "CountrySubDivisionCode":{
                        "type":"column",
                        "mapping":{"destination":"State"}
                    },
                    "Lat":{
                        "type":"column",
                        "mapping":{"destination":"Latitude"}
                    },
                    "Long":{
                        "type":"column",
                        "mapping":{"destination":"Longitude"}
                    }
                }
            },
            "ShipAddr":{
                "type":"table",
                "destination":"Customer-ShipAddr",
                "tableMapping":{
                    "Id":{
                        "type":"column",
                        "mapping":{"destination":"ShipAddr_ID"}
                    },
                    "Line1":{
                        "type":"column",
                        "mapping":{"destination":"Line_1"}
                    },
                    "City":{
                        "type":"column",
                        "mapping":{"destination":"City"}
                    },
                    "CountrySubDivisionCode":{
                        "type":"column",
                        "mapping":{"destination":"State"}
                    },
                    "Lat":{
                        "type":"column",
                        "mapping":{"destination":"Latitude"}
                    },
                    "Long":{
                        "type":"column",
                        "mapping":{"destination":"Longitude"}
                    }
                }
            },
            "Taxable":{
                "type":"column",
                "mapping":{"destination":"Taxable"}
            },
            "Job":{
                "type":"column",
                "mapping":{"destination":"Job"}
            },
            "BillWithParent":{
                "type":"column",
                "mapping":{"destination":"BillWithParent"}
            },
            "Balance":{
                "type":"column",
                "mapping":{"destination":"Balance"}
            },
            "BalanceWithJobs":{
                "type":"column",
                "mapping":{"destination":"BalanceWithJobs"}
            },
            "SalesTermRef.value":{
                "type":"column",
                "mapping":{"destination":"SalesTerm"}
            },
            "CurrencyRef.value":{
                "type":"column",
                "mapping":{"destination":"Currency"}
            },
            "PreferredDeliveryMethod":{
                "type":"column",
                "mapping":{"destination":"PreferredDeliveryMethod"}
            }

        },
        "Invoice":{
            "Id":{
                "type":"column",
                "mapping":{"destination":"ID"}
            },
            "CustomerRef.value":{
                "type":"column",
                "mapping":{"destination":"Customer_ID"}
            },
            "CustomerRef.name":{
                "type":"column",
                "mapping":{"destination":"Customer_name"}
            },
            "DocNumber":{
                "type":"column",
                "mapping":{"destination":"DocNumber"}
            },
            "TxnDate":{
                "type":"column",
                "mapping":{"destination":"TxnDate"}
            },
            "LinkedTxn":{
                "type":"table",
                "destination":"Invoice-LinkedTxn",
                "tableMapping":{
                    "TxnId":{
                        "type":"column",
                        "mapping":{"destination":"TxnID"}
                    },
                    "TxnType":{
                        "type":"column",
                        "mapping":{"destination":"TxnType"}
                    }
                }
            },
            "CurrencyRef.value":{
                "type":"column",
                "mapping":{"destination":"Currency"}
            },
            "ExchangeRate":{
                "type":"column",
                "mapping":{"destination":"ExchangeRate"}
            },
            "SalesTermRef.value":{
                "type":"column",
                "mapping":{"destination":"SalesTerm"}
            },
            "DueDate":{
                "type":"column",
                "mapping":{"destination":"DueDate"}
            },
            "GlobalTaxCalculation":{
                "type":"column",
                "mapping":{"destination":"GlobalTaxCalculation"}
            },
            "TotalAmt":{
                "type":"column",
                "mapping":{"destination":"TotalAmount"}
            },
            "HomeTotalAmt":{
                "type":"column",
                "mapping":{"destination":"HomeTotalAmount"}
            },
            "PrintStatus":{
                "type":"column",
                "mapping":{"destination":"PrintStatus"}
            },
            "EmailStatus":{
                "type":"column",
                "mapping":{"destination":"EmailStatus"}
            },
            "BillEmail.Address":{
                "type":"column",
                "mapping":{"destination":"BillEmail_Address"}
            },
            "Balance":{
                "type":"column",
                "mapping":{"destination":"Balance"}
            },
            "HomeBalance":{
                "type":"column",
                "mapping":{"destination":"HomeBalance"}
            },
            "DeliveryInfo.DeliveryType":{
                "type":"column",
                "mapping":{"destination":"DeliveryType"}
            },
            "DeliveryInfo.DeliveryTime":{
                "type":"column",
                "mapping":{"destination":"DeliveryTime"}
            },
            "BillAddr":{
                "type":"table",
                "destination":"Invoice-BillAddr",
                "tableMapping":{
                    "Id":{
                        "type":"column",
                        "mapping":{"destination":"BillAddr_ID"}
                    },
                    "Line1":{
                        "type":"column",
                        "mapping":{"destination":"Line_1"}
                    },
                    "City":{
                        "type":"column",
                        "mapping":{"destination":"City"}
                    },
                    "CountrySubDivisionCode":{
                        "type":"column",
                        "mapping":{"destination":"State"}
                    }
                }
            },
            "ShipAddr":{
                "type":"table",
                "destination":"Invoice-ShipAddr",
                "tableMapping":{
                    "Id":{
                        "type":"column",
                        "mapping":{"destination":"ShipAddr_ID"}
                    },
                    "Line1":{
                        "type":"column",
                        "mapping":{"destination":"Line_1"}
                    },
                    "City":{
                        "type":"column",
                        "mapping":{"destination":"City"}
                    },
                    "CountrySubDivisionCode":{
                        "type":"column",
                        "mapping":{"destination":"State"}
                    },
                    "Lat":{
                        "type":"column",
                        "mapping":{"destination":"Latitude"}
                    },
                    "Long":{
                        "type":"column",
                        "mapping":{"destination":"Longitude"}
                    }
                }
            },
            "Line":{
                "type":"table",
                "destination":"Invoice-Line",
                "tableMapping":{
                    "Id":{
                        "type":"column",
                        "mapping":{"destination":"ID"}
                    },
                    "LineNum":{
                        "type":"column",
                        "mapping":{"destination":"LineNum"}
                    },
                    "Description":{
                        "type":"column",
                        "mapping":{"destination":"Description"}
                    },
                    "Amount":{
                        "type":"column",
                        "mapping":{"destination":"Amount"}
                    },
                    "DetailType":{
                        "type":"column",
                        "mapping":{"destination":"DetailType"}
                    },
                    "SalesItemLineDetail.ItemRef.value":{
                        "type":"column",
                        "mapping":{"destination":"SalesItem_ID"}
                    },
                    "SalesItemLineDetail.ItemRef.name":{
                        "type":"column",
                        "mapping":{"destination":"SalesItem_name"}
                    },
                    "SalesItemLineDetail.UnitPrice":{
                        "type":"column",
                        "mapping":{"destination":"UnitPrice"}
                    },
                    "SalesItemLineDetail.Qty":{
                        "type":"column",
                        "mapping":{"destination":"Qty"}
                    },
                    "SalesItemLineDetail.TaxCodeRef.value":{
                        "type":"column",
                        "mapping":{"destination":"TaxCode"}
                    }
                }
            },
            "TxnTaxDetail":{
                "type":"table",
                "destination":"Invoice-TxnTaxDetail",
                "tableMapping":{
                    "TotalTax":{
                          "type":"column",
                          "mapping":{"destination":"TotalTax"}
                    },
                    "TaxLine":{
                        "type":"table",
                        "destination":"Invoice-TxnTaxDetail-TaxLine",
                        "tableMapping":{
                            "Amount":{
                                "type":"column",
                                "mapping":{"destination":"Amount"}
                            },
                            "DetailType":{
                                "type":"column",
                                "mapping":{"destination":"DetailType"}
                            },
                            "TaxLineDetail.TaxRateRef.value":{
                                "type":"column",
                                "mapping":{"destination":"TaxRate_ID"}
                            },
                            "TaxLineDetail.TaxPercent":{
                                "type":"column",
                                "mapping":{"destination":"TaxPercent"}
                            },
                            "TaxLineDetail.NetAmountTaxable":{
                                "type":"column",
                                "mapping":{"destination":"NetAmountTaxable"}
                            }

                        }
                    }
                }
            }

        }
    }
}